{
    "accuracy": 0.2727272727272727,
    "precision": 0.2857142857142857,
    "recall": 0.4,
    "f1": 0.3333333333333333
}